Time_Index,MA_Diesel,MA_Biodiesel,MA_Methanol,MA_Hydrogen,MA_Ammonia,MA_Primary_Al_Air,MA_Electricity,None
0,0.091152,0.030445,0.010549,0.008793,0.017017,8.792497,0.01085,0
1,25.97157,29.16218,53.71187,43.96493,51.32169,11310.8,60.14663,0
2,25.97157,29.16218,53.71187,43.96493,51.32169,11310.8,60.14663,0
3,25.97157,29.16218,53.71187,43.96493,51.32169,11310.8,60.14663,0
4,25.97157,29.16218,53.71187,43.96493,51.32169,11310.8,60.14663,0
5,25.97157,29.16218,53.71187,43.96493,51.32169,11310.8,60.14663,0
